{
  "$schema": "https://raw.githubusercontent.com/dineug/erd-editor/main/json-schema/schema.json",
  "version": "3.0.0",
  "settings": {
    "width": 2000,
    "height": 2000,
    "scrollTop": -14.8304,
    "scrollLeft": -800,
    "zoomLevel": 1,
    "show": 495,
    "database": 16,
    "databaseName": "",
    "canvasType": "@dineug/erd-editor/builtin-schema-sql",
    "language": 1,
    "tableNameCase": 4,
    "columnNameCase": 2,
    "bracketType": 1,
    "relationshipDataTypeSync": true,
    "relationshipOptimization": false,
    "columnOrder": [
      1,
      2,
      4,
      8,
      16,
      32,
      64
    ],
    "maxWidthComment": -1,
    "ignoreSaveSettings": 0
  },
  "doc": {
    "tableIds": [
      "mxlz-tkjMi82oC-Vz-Bno",
      "TAHh_-rpcsCAXUfuTvKQL",
      "9EIIRioqLVmsyNVZaHFQI",
      "StQKiEZBkZRLlaIjrWFLQ",
      "zPBowJWOANQRa7xFX38ZU"
    ],
    "relationshipIds": [
      "mINtQzBW64gZDvX1Bfol6",
      "dZqOPMfhjJbIuJXCYTi9D",
      "Db5E9LLGBXmVz08qzYl_p",
      "J0TO0MKMSZdfpWAtJniBX"
    ],
    "indexIds": [],
    "memoIds": []
  },
  "collections": {
    "tableEntities": {
      "mxlz-tkjMi82oC-Vz-Bno": {
        "id": "mxlz-tkjMi82oC-Vz-Bno",
        "name": "usuari",
        "comment": "",
        "columnIds": [
          "GRVveLQFYhIsJLs62q4Gp",
          "Dizd5M4LoEJjPpVBj_guX",
          "TmbTb0V-J2lwPecZeoZAa",
          "UkSg3FFng-gn-PWRgdVFa",
          "Cd4pnUjKs0URf5M8888BR",
          "4y8d8QNMhurgsK-L9XzCw",
          "2H0f4q61bsTO9zj8LN1ig"
        ],
        "seqColumnIds": [
          "GRVveLQFYhIsJLs62q4Gp",
          "Dizd5M4LoEJjPpVBj_guX",
          "TmbTb0V-J2lwPecZeoZAa",
          "UkSg3FFng-gn-PWRgdVFa",
          "Cd4pnUjKs0URf5M8888BR",
          "4y8d8QNMhurgsK-L9XzCw",
          "2H0f4q61bsTO9zj8LN1ig"
        ],
        "ui": {
          "x": 31.2246,
          "y": 513.102,
          "zIndex": 2,
          "widthName": 60,
          "widthComment": 60,
          "color": ""
        },
        "meta": {
          "updateAt": 1729071043320,
          "createAt": 1729068954124
        }
      },
      "TAHh_-rpcsCAXUfuTvKQL": {
        "id": "TAHh_-rpcsCAXUfuTvKQL",
        "name": "comanda",
        "comment": "",
        "columnIds": [
          "6-wd6DvmiKMcYjLiSEFOk",
          "1WVw71KQIs24KGcXFmGty",
          "R0BXYDd5HAtN7tYjfzG7x",
          "ux7Na31aw3Cclhy8M1C4W",
          "fpxKtx6R-yKBlg80vN80g"
        ],
        "seqColumnIds": [
          "lCYiD61YvdP8Crv_oB1Sh",
          "6-wd6DvmiKMcYjLiSEFOk",
          "kcXA4bLRhSPyIHhffG0Ln",
          "G7VGq5kEyLUdz4lV0gKP4",
          "1WVw71KQIs24KGcXFmGty",
          "R0BXYDd5HAtN7tYjfzG7x",
          "ux7Na31aw3Cclhy8M1C4W",
          "fpxKtx6R-yKBlg80vN80g"
        ],
        "ui": {
          "x": 29.3673,
          "y": 126.4898,
          "zIndex": 28,
          "widthName": 60,
          "widthComment": 60,
          "color": ""
        },
        "meta": {
          "updateAt": 1729071405360,
          "createAt": 1729068989553
        }
      },
      "9EIIRioqLVmsyNVZaHFQI": {
        "id": "9EIIRioqLVmsyNVZaHFQI",
        "name": "producte",
        "comment": "",
        "columnIds": [
          "XywkfW-ViRB8S-9xYA8Bd",
          "6xi3k2aDt5AI29v1e_zzd",
          "153Aoz7QhDmooXUn8DoIc",
          "ExQYJKhX-bD9VXip2Jtez",
          "2DaAlYuox0rmsm1aeM8ok",
          "ip7wYpyCFepNBqhVtts3r",
          "bcpL22pskz-KZVpPJ9Kc-",
          "RmVYkOL55c7BL1_bbJLV8"
        ],
        "seqColumnIds": [
          "XywkfW-ViRB8S-9xYA8Bd",
          "6xi3k2aDt5AI29v1e_zzd",
          "153Aoz7QhDmooXUn8DoIc",
          "ExQYJKhX-bD9VXip2Jtez",
          "2DaAlYuox0rmsm1aeM8ok",
          "SHlkZEKHHRZ5tkmQx2dP8",
          "ip7wYpyCFepNBqhVtts3r",
          "bcpL22pskz-KZVpPJ9Kc-",
          "RmVYkOL55c7BL1_bbJLV8"
        ],
        "ui": {
          "x": 1051.4294,
          "y": 79.7755,
          "zIndex": 64,
          "widthName": 60,
          "widthComment": 60,
          "color": ""
        },
        "meta": {
          "updateAt": 1730886771783,
          "createAt": 1729069116003
        }
      },
      "StQKiEZBkZRLlaIjrWFLQ": {
        "id": "StQKiEZBkZRLlaIjrWFLQ",
        "name": "categoria",
        "comment": "",
        "columnIds": [
          "lhY4VliscR3Xiik24WDKv",
          "C2tZt1tYJB4pe58oPd6go",
          "QO9O2Ieye8oYs6N_7bVAd"
        ],
        "seqColumnIds": [
          "lhY4VliscR3Xiik24WDKv",
          "C2tZt1tYJB4pe58oPd6go",
          "QO9O2Ieye8oYs6N_7bVAd"
        ],
        "ui": {
          "x": 1054.4907,
          "y": 429.2857,
          "zIndex": 78,
          "widthName": 60,
          "widthComment": 60,
          "color": ""
        },
        "meta": {
          "updateAt": 1729074309872,
          "createAt": 1729069143235
        }
      },
      "zPBowJWOANQRa7xFX38ZU": {
        "id": "zPBowJWOANQRa7xFX38ZU",
        "name": "linia_comanda",
        "comment": "",
        "columnIds": [
          "YDH7W7qveRqg_M633vayb",
          "E9LlLu4OcmkiNA78HmBlo",
          "CCsI3I6cSDugPLmauHa4-",
          "LFSBADdPEZIfooY3hV4vf",
          "iKZG1HLbYtyrocqZBTdvh"
        ],
        "seqColumnIds": [
          "YDH7W7qveRqg_M633vayb",
          "E9LlLu4OcmkiNA78HmBlo",
          "CCsI3I6cSDugPLmauHa4-",
          "LFSBADdPEZIfooY3hV4vf",
          "iKZG1HLbYtyrocqZBTdvh"
        ],
        "ui": {
          "x": 525.7858,
          "y": 126.7802,
          "zIndex": 97,
          "widthName": 78,
          "widthComment": 60,
          "color": ""
        },
        "meta": {
          "updateAt": 1729069627202,
          "createAt": 1729069201803
        }
      }
    },
    "tableColumnEntities": {
      "GRVveLQFYhIsJLs62q4Gp": {
        "id": "GRVveLQFYhIsJLs62q4Gp",
        "tableId": "mxlz-tkjMi82oC-Vz-Bno",
        "name": "id",
        "comment": "",
        "dataType": "serial",
        "default": "",
        "options": 14,
        "ui": {
          "keys": 1,
          "widthName": 60,
          "widthComment": 60,
          "widthDataType": 60,
          "widthDefault": 60
        },
        "meta": {
          "updateAt": 1729070953434,
          "createAt": 1729068961289
        }
      },
      "lCYiD61YvdP8Crv_oB1Sh": {
        "id": "lCYiD61YvdP8Crv_oB1Sh",
        "tableId": "TAHh_-rpcsCAXUfuTvKQL",
        "name": "if",
        "comment": "",
        "dataType": "serial",
        "default": "",
        "options": 8,
        "ui": {
          "keys": 0,
          "widthName": 60,
          "widthComment": 60,
          "widthDataType": 60,
          "widthDefault": 60
        },
        "meta": {
          "updateAt": 1729069012119,
          "createAt": 1729068999175
        }
      },
      "6-wd6DvmiKMcYjLiSEFOk": {
        "id": "6-wd6DvmiKMcYjLiSEFOk",
        "tableId": "TAHh_-rpcsCAXUfuTvKQL",
        "name": "id",
        "comment": "",
        "dataType": "serial",
        "default": "",
        "options": 14,
        "ui": {
          "keys": 1,
          "widthName": 60,
          "widthComment": 60,
          "widthDataType": 60,
          "widthDefault": 60
        },
        "meta": {
          "updateAt": 1729070956952,
          "createAt": 1729069021822
        }
      },
      "kcXA4bLRhSPyIHhffG0Ln": {
        "id": "kcXA4bLRhSPyIHhffG0Ln",
        "tableId": "TAHh_-rpcsCAXUfuTvKQL",
        "name": "id_usuari",
        "comment": "",
        "dataType": "",
        "default": "",
        "options": 0,
        "ui": {
          "keys": 0,
          "widthName": 60,
          "widthComment": 60,
          "widthDataType": 60,
          "widthDefault": 60
        },
        "meta": {
          "updateAt": 1729069050932,
          "createAt": 1729069043620
        }
      },
      "Dizd5M4LoEJjPpVBj_guX": {
        "id": "Dizd5M4LoEJjPpVBj_guX",
        "tableId": "mxlz-tkjMi82oC-Vz-Bno",
        "name": "nom",
        "comment": "",
        "dataType": "varchar",
        "default": "",
        "options": 8,
        "ui": {
          "keys": 0,
          "widthName": 60,
          "widthComment": 60,
          "widthDataType": 60,
          "widthDefault": 60
        },
        "meta": {
          "updateAt": 1729072764413,
          "createAt": 1729069080239
        }
      },
      "G7VGq5kEyLUdz4lV0gKP4": {
        "id": "G7VGq5kEyLUdz4lV0gKP4",
        "tableId": "TAHh_-rpcsCAXUfuTvKQL",
        "name": "id_usuari",
        "comment": "",
        "dataType": "serial",
        "default": "",
        "options": 8,
        "ui": {
          "keys": 0,
          "widthName": 60,
          "widthComment": 60,
          "widthDataType": 60,
          "widthDefault": 60
        },
        "meta": {
          "updateAt": 1729070981699,
          "createAt": 1729069081524
        }
      },
      "XywkfW-ViRB8S-9xYA8Bd": {
        "id": "XywkfW-ViRB8S-9xYA8Bd",
        "tableId": "9EIIRioqLVmsyNVZaHFQI",
        "name": "id",
        "comment": "",
        "dataType": "serial",
        "default": "",
        "options": 14,
        "ui": {
          "keys": 1,
          "widthName": 60,
          "widthComment": 60,
          "widthDataType": 60,
          "widthDefault": 60
        },
        "meta": {
          "updateAt": 1729071226494,
          "createAt": 1729069124015
        }
      },
      "lhY4VliscR3Xiik24WDKv": {
        "id": "lhY4VliscR3Xiik24WDKv",
        "tableId": "StQKiEZBkZRLlaIjrWFLQ",
        "name": "id",
        "comment": "",
        "dataType": "serial",
        "default": "",
        "options": 14,
        "ui": {
          "keys": 1,
          "widthName": 60,
          "widthComment": 60,
          "widthDataType": 60,
          "widthDefault": 60
        },
        "meta": {
          "updateAt": 1729071228694,
          "createAt": 1729069152012
        }
      },
      "6xi3k2aDt5AI29v1e_zzd": {
        "id": "6xi3k2aDt5AI29v1e_zzd",
        "tableId": "9EIIRioqLVmsyNVZaHFQI",
        "name": "id_categoria",
        "comment": "",
        "dataType": "serial",
        "default": "",
        "options": 8,
        "ui": {
          "keys": 2,
          "widthName": 66,
          "widthComment": 60,
          "widthDataType": 60,
          "widthDefault": 60
        },
        "meta": {
          "updateAt": 1729069636679,
          "createAt": 1729069176965
        }
      },
      "YDH7W7qveRqg_M633vayb": {
        "id": "YDH7W7qveRqg_M633vayb",
        "tableId": "zPBowJWOANQRa7xFX38ZU",
        "name": "id",
        "comment": "",
        "dataType": "serial",
        "default": "",
        "options": 14,
        "ui": {
          "keys": 1,
          "widthName": 60,
          "widthComment": 60,
          "widthDataType": 60,
          "widthDefault": 60
        },
        "meta": {
          "updateAt": 1729071174723,
          "createAt": 1729069213572
        }
      },
      "E9LlLu4OcmkiNA78HmBlo": {
        "id": "E9LlLu4OcmkiNA78HmBlo",
        "tableId": "zPBowJWOANQRa7xFX38ZU",
        "name": "num_producte",
        "comment": "",
        "dataType": "INT",
        "default": "",
        "options": 8,
        "ui": {
          "keys": 0,
          "widthName": 79,
          "widthComment": 60,
          "widthDataType": 60,
          "widthDefault": 60
        },
        "meta": {
          "updateAt": 1729069260051,
          "createAt": 1729069242534
        }
      },
      "CCsI3I6cSDugPLmauHa4-": {
        "id": "CCsI3I6cSDugPLmauHa4-",
        "tableId": "zPBowJWOANQRa7xFX38ZU",
        "name": "preu_total",
        "comment": "",
        "dataType": "FLOAT",
        "default": "",
        "options": 8,
        "ui": {
          "keys": 0,
          "widthName": 60,
          "widthComment": 60,
          "widthDataType": 60,
          "widthDefault": 60
        },
        "meta": {
          "updateAt": 1729069271296,
          "createAt": 1729069262037
        }
      },
      "LFSBADdPEZIfooY3hV4vf": {
        "id": "LFSBADdPEZIfooY3hV4vf",
        "tableId": "zPBowJWOANQRa7xFX38ZU",
        "name": "id_comanda",
        "comment": "",
        "dataType": "serial",
        "default": "",
        "options": 8,
        "ui": {
          "keys": 2,
          "widthName": 66,
          "widthComment": 60,
          "widthDataType": 60,
          "widthDefault": 60
        },
        "meta": {
          "updateAt": 1729069581410,
          "createAt": 1729069297651
        }
      },
      "iKZG1HLbYtyrocqZBTdvh": {
        "id": "iKZG1HLbYtyrocqZBTdvh",
        "tableId": "zPBowJWOANQRa7xFX38ZU",
        "name": "id_producte",
        "comment": "",
        "dataType": "serial",
        "default": "",
        "options": 8,
        "ui": {
          "keys": 2,
          "widthName": 65,
          "widthComment": 60,
          "widthDataType": 60,
          "widthDefault": 60
        },
        "meta": {
          "updateAt": 1729069317571,
          "createAt": 1729069308990
        }
      },
      "TmbTb0V-J2lwPecZeoZAa": {
        "id": "TmbTb0V-J2lwPecZeoZAa",
        "tableId": "mxlz-tkjMi82oC-Vz-Bno",
        "name": "email",
        "comment": "",
        "dataType": "VARCHAR",
        "default": "",
        "options": 12,
        "ui": {
          "keys": 0,
          "widthName": 60,
          "widthComment": 60,
          "widthDataType": 60,
          "widthDefault": 60
        },
        "meta": {
          "updateAt": 1729070950120,
          "createAt": 1729069387018
        }
      },
      "UkSg3FFng-gn-PWRgdVFa": {
        "id": "UkSg3FFng-gn-PWRgdVFa",
        "tableId": "mxlz-tkjMi82oC-Vz-Bno",
        "name": "contrasenya",
        "comment": "",
        "dataType": "VARCHAR",
        "default": "",
        "options": 8,
        "ui": {
          "keys": 0,
          "widthName": 66,
          "widthComment": 60,
          "widthDataType": 60,
          "widthDefault": 60
        },
        "meta": {
          "updateAt": 1729069418293,
          "createAt": 1729069401108
        }
      },
      "Cd4pnUjKs0URf5M8888BR": {
        "id": "Cd4pnUjKs0URf5M8888BR",
        "tableId": "mxlz-tkjMi82oC-Vz-Bno",
        "name": "direccion",
        "comment": "",
        "dataType": "VARCHAR",
        "default": "",
        "options": 8,
        "ui": {
          "keys": 0,
          "widthName": 60,
          "widthComment": 60,
          "widthDataType": 60,
          "widthDefault": 60
        },
        "meta": {
          "updateAt": 1729069491835,
          "createAt": 1729069419868
        }
      },
      "4y8d8QNMhurgsK-L9XzCw": {
        "id": "4y8d8QNMhurgsK-L9XzCw",
        "tableId": "mxlz-tkjMi82oC-Vz-Bno",
        "name": "poblacion",
        "comment": "",
        "dataType": "VARCHAR",
        "default": "",
        "options": 8,
        "ui": {
          "keys": 0,
          "widthName": 60,
          "widthComment": 60,
          "widthDataType": 60,
          "widthDefault": 60
        },
        "meta": {
          "updateAt": 1729069488067,
          "createAt": 1729069437841
        }
      },
      "2H0f4q61bsTO9zj8LN1ig": {
        "id": "2H0f4q61bsTO9zj8LN1ig",
        "tableId": "mxlz-tkjMi82oC-Vz-Bno",
        "name": "codigo_postal",
        "comment": "",
        "dataType": "INT",
        "default": "",
        "options": 8,
        "ui": {
          "keys": 0,
          "widthName": 76,
          "widthComment": 60,
          "widthDataType": 60,
          "widthDefault": 60
        },
        "meta": {
          "updateAt": 1729070825735,
          "createAt": 1729069454030
        }
      },
      "1WVw71KQIs24KGcXFmGty": {
        "id": "1WVw71KQIs24KGcXFmGty",
        "tableId": "TAHh_-rpcsCAXUfuTvKQL",
        "name": "num_elements",
        "comment": "",
        "dataType": "INT",
        "default": "",
        "options": 8,
        "ui": {
          "keys": 0,
          "widthName": 79,
          "widthComment": 60,
          "widthDataType": 60,
          "widthDefault": 60
        },
        "meta": {
          "updateAt": 1729069549482,
          "createAt": 1729069530831
        }
      },
      "R0BXYDd5HAtN7tYjfzG7x": {
        "id": "R0BXYDd5HAtN7tYjfzG7x",
        "tableId": "TAHh_-rpcsCAXUfuTvKQL",
        "name": "data_creació",
        "comment": "",
        "dataType": "DATE",
        "default": "",
        "options": 8,
        "ui": {
          "keys": 0,
          "widthName": 68,
          "widthComment": 60,
          "widthDataType": 60,
          "widthDefault": 60
        },
        "meta": {
          "updateAt": 1729069566353,
          "createAt": 1729069551732
        }
      },
      "ux7Na31aw3Cclhy8M1C4W": {
        "id": "ux7Na31aw3Cclhy8M1C4W",
        "tableId": "TAHh_-rpcsCAXUfuTvKQL",
        "name": "import_total",
        "comment": "",
        "dataType": "FLOAT",
        "default": "",
        "options": 8,
        "ui": {
          "keys": 0,
          "widthName": 67,
          "widthComment": 60,
          "widthDataType": 60,
          "widthDefault": 60
        },
        "meta": {
          "updateAt": 1729069602399,
          "createAt": 1729069585291
        }
      },
      "153Aoz7QhDmooXUn8DoIc": {
        "id": "153Aoz7QhDmooXUn8DoIc",
        "tableId": "9EIIRioqLVmsyNVZaHFQI",
        "name": "nom",
        "comment": "",
        "dataType": "VARCHAR",
        "default": "",
        "options": 8,
        "ui": {
          "keys": 0,
          "widthName": 60,
          "widthComment": 60,
          "widthDataType": 60,
          "widthDefault": 60
        },
        "meta": {
          "updateAt": 1729069655039,
          "createAt": 1729069647293
        }
      },
      "ExQYJKhX-bD9VXip2Jtez": {
        "id": "ExQYJKhX-bD9VXip2Jtez",
        "tableId": "9EIIRioqLVmsyNVZaHFQI",
        "name": "ISBN",
        "comment": "",
        "dataType": "varchar",
        "default": "",
        "options": 12,
        "ui": {
          "keys": 0,
          "widthName": 60,
          "widthComment": 60,
          "widthDataType": 60,
          "widthDefault": 60
        },
        "meta": {
          "updateAt": 1729072784543,
          "createAt": 1729069656055
        }
      },
      "2DaAlYuox0rmsm1aeM8ok": {
        "id": "2DaAlYuox0rmsm1aeM8ok",
        "tableId": "9EIIRioqLVmsyNVZaHFQI",
        "name": "autor",
        "comment": "",
        "dataType": "VARCHAR",
        "default": "",
        "options": 8,
        "ui": {
          "keys": 0,
          "widthName": 60,
          "widthComment": 60,
          "widthDataType": 60,
          "widthDefault": 60
        },
        "meta": {
          "updateAt": 1729069712865,
          "createAt": 1729069706040
        }
      },
      "SHlkZEKHHRZ5tkmQx2dP8": {
        "id": "SHlkZEKHHRZ5tkmQx2dP8",
        "tableId": "9EIIRioqLVmsyNVZaHFQI",
        "name": "genero",
        "comment": "",
        "dataType": "VARCHAR",
        "default": "",
        "options": 8,
        "ui": {
          "keys": 0,
          "widthName": 60,
          "widthComment": 60,
          "widthDataType": 60,
          "widthDefault": 60
        },
        "meta": {
          "updateAt": 1729069734317,
          "createAt": 1729069714804
        }
      },
      "C2tZt1tYJB4pe58oPd6go": {
        "id": "C2tZt1tYJB4pe58oPd6go",
        "tableId": "StQKiEZBkZRLlaIjrWFLQ",
        "name": "nom",
        "comment": "",
        "dataType": "VARCHAR",
        "default": "",
        "options": 12,
        "ui": {
          "keys": 0,
          "widthName": 60,
          "widthComment": 60,
          "widthDataType": 60,
          "widthDefault": 60
        },
        "meta": {
          "updateAt": 1729071261154,
          "createAt": 1729069838357
        }
      },
      "fpxKtx6R-yKBlg80vN80g": {
        "id": "fpxKtx6R-yKBlg80vN80g",
        "tableId": "TAHh_-rpcsCAXUfuTvKQL",
        "name": "id_usuari",
        "comment": "",
        "dataType": "serial",
        "default": "",
        "options": 8,
        "ui": {
          "keys": 2,
          "widthName": 60,
          "widthComment": 60,
          "widthDataType": 60,
          "widthDefault": 60
        },
        "meta": {
          "updateAt": 1729071412644,
          "createAt": 1729071405359
        }
      },
      "ip7wYpyCFepNBqhVtts3r": {
        "id": "ip7wYpyCFepNBqhVtts3r",
        "tableId": "9EIIRioqLVmsyNVZaHFQI",
        "name": "precio",
        "comment": "",
        "dataType": "float",
        "default": "",
        "options": 8,
        "ui": {
          "keys": 0,
          "widthName": 60,
          "widthComment": 60,
          "widthDataType": 60,
          "widthDefault": 60
        },
        "meta": {
          "updateAt": 1729074285818,
          "createAt": 1729074218811
        }
      },
      "bcpL22pskz-KZVpPJ9Kc-": {
        "id": "bcpL22pskz-KZVpPJ9Kc-",
        "tableId": "9EIIRioqLVmsyNVZaHFQI",
        "name": "path_img",
        "comment": "",
        "dataType": "varchar",
        "default": "",
        "options": 8,
        "ui": {
          "keys": 0,
          "widthName": 60,
          "widthComment": 60,
          "widthDataType": 60,
          "widthDefault": 60
        },
        "meta": {
          "updateAt": 1729074306141,
          "createAt": 1729074288439
        }
      },
      "QO9O2Ieye8oYs6N_7bVAd": {
        "id": "QO9O2Ieye8oYs6N_7bVAd",
        "tableId": "StQKiEZBkZRLlaIjrWFLQ",
        "name": "path_img",
        "comment": "",
        "dataType": "varchar",
        "default": "",
        "options": 8,
        "ui": {
          "keys": 0,
          "widthName": 60,
          "widthComment": 60,
          "widthDataType": 60,
          "widthDefault": 60
        },
        "meta": {
          "updateAt": 1729074318256,
          "createAt": 1729074309872
        }
      },
      "RmVYkOL55c7BL1_bbJLV8": {
        "id": "RmVYkOL55c7BL1_bbJLV8",
        "tableId": "9EIIRioqLVmsyNVZaHFQI",
        "name": "descripcio",
        "comment": "",
        "dataType": "varchar",
        "default": "",
        "options": 8,
        "ui": {
          "keys": 0,
          "widthName": 60,
          "widthComment": 60,
          "widthDataType": 60,
          "widthDefault": 60
        },
        "meta": {
          "updateAt": 1730886748628,
          "createAt": 1730886730623
        }
      }
    },
    "relationshipEntities": {
      "mINtQzBW64gZDvX1Bfol6": {
        "id": "mINtQzBW64gZDvX1Bfol6",
        "identification": false,
        "relationshipType": 16,
        "startRelationshipType": 2,
        "start": {
          "tableId": "StQKiEZBkZRLlaIjrWFLQ",
          "columnIds": [
            "lhY4VliscR3Xiik24WDKv"
          ],
          "x": 1251.9907,
          "y": 429.2857,
          "direction": 4
        },
        "end": {
          "tableId": "9EIIRioqLVmsyNVZaHFQI",
          "columnIds": [
            "6xi3k2aDt5AI29v1e_zzd"
          ],
          "x": 1251.9294,
          "y": 327.77549999999997,
          "direction": 8
        },
        "meta": {
          "updateAt": 1729069176965,
          "createAt": 1729069176965
        }
      },
      "dZqOPMfhjJbIuJXCYTi9D": {
        "id": "dZqOPMfhjJbIuJXCYTi9D",
        "identification": false,
        "relationshipType": 16,
        "startRelationshipType": 2,
        "start": {
          "tableId": "TAHh_-rpcsCAXUfuTvKQL",
          "columnIds": [
            "6-wd6DvmiKMcYjLiSEFOk"
          ],
          "x": 443.3673,
          "y": 214.4898,
          "direction": 2
        },
        "end": {
          "tableId": "zPBowJWOANQRa7xFX38ZU",
          "columnIds": [
            "LFSBADdPEZIfooY3hV4vf"
          ],
          "x": 525.7858,
          "y": 214.78019999999998,
          "direction": 1
        },
        "meta": {
          "updateAt": 1729069297651,
          "createAt": 1729069297651
        }
      },
      "Db5E9LLGBXmVz08qzYl_p": {
        "id": "Db5E9LLGBXmVz08qzYl_p",
        "identification": false,
        "relationshipType": 16,
        "startRelationshipType": 2,
        "start": {
          "tableId": "9EIIRioqLVmsyNVZaHFQI",
          "columnIds": [
            "XywkfW-ViRB8S-9xYA8Bd"
          ],
          "x": 1051.4294,
          "y": 203.7755,
          "direction": 1
        },
        "end": {
          "tableId": "zPBowJWOANQRa7xFX38ZU",
          "columnIds": [
            "iKZG1HLbYtyrocqZBTdvh"
          ],
          "x": 939.7858,
          "y": 214.78019999999998,
          "direction": 2
        },
        "meta": {
          "updateAt": 1729069308991,
          "createAt": 1729069308991
        }
      },
      "J0TO0MKMSZdfpWAtJniBX": {
        "id": "J0TO0MKMSZdfpWAtJniBX",
        "identification": false,
        "relationshipType": 16,
        "startRelationshipType": 2,
        "start": {
          "tableId": "mxlz-tkjMi82oC-Vz-Bno",
          "columnIds": [
            "GRVveLQFYhIsJLs62q4Gp"
          ],
          "x": 236.7246,
          "y": 513.102,
          "direction": 4
        },
        "end": {
          "tableId": "TAHh_-rpcsCAXUfuTvKQL",
          "columnIds": [
            "fpxKtx6R-yKBlg80vN80g"
          ],
          "x": 236.3673,
          "y": 302.4898,
          "direction": 8
        },
        "meta": {
          "updateAt": 1729071405360,
          "createAt": 1729071405360
        }
      }
    },
    "indexEntities": {},
    "indexColumnEntities": {},
    "memoEntities": {}
  },
  "lww": {
    "mxlz-tkjMi82oC-Vz-Bno": [
      "tableEntities",
      1729068954121,
      -1,
      {
        "name": 1729068967343
      }
    ],
    "GRVveLQFYhIsJLs62q4Gp": [
      "tableColumnEntities",
      1729068961287,
      -1,
      {
        "name": 1729068975270,
        "dataType": 1729068977855,
        "options(notNull)": 1729068980360,
        "options(primaryKey)": 1729069354776,
        "options(unique)": 1729070953433
      }
    ],
    "TAHh_-rpcsCAXUfuTvKQL": [
      "tableEntities",
      1729068989551,
      -1,
      {
        "name": 1729068993446
      }
    ],
    "lCYiD61YvdP8Crv_oB1Sh": [
      "tableColumnEntities",
      1729068999174,
      1729069019525,
      {
        "name": 1729069003754,
        "dataType": 1729069008588,
        "options(notNull)": 1729069012118
      }
    ],
    "6-wd6DvmiKMcYjLiSEFOk": [
      "tableColumnEntities",
      1729069021820,
      -1,
      {
        "name": 1729069024095,
        "options(primaryKey)": 1729069026352,
        "dataType": 1729069581409,
        "options(unique)": 1729070956951
      }
    ],
    "kcXA4bLRhSPyIHhffG0Ln": [
      "tableColumnEntities",
      1729069043617,
      1729069519737,
      {
        "name": 1729069050931
      }
    ],
    "Dizd5M4LoEJjPpVBj_guX": [
      "tableColumnEntities",
      1729069080237,
      -1,
      {
        "options(primaryKey)": 1729069357223,
        "dataType": 1729072764412,
        "name": 1729069373832
      }
    ],
    "G7VGq5kEyLUdz4lV0gKP4": [
      "tableColumnEntities",
      1729069081521,
      1729071390644,
      {
        "options(notNull)": 1729069081521,
        "name": 1729069088176,
        "dataType": 1729070848493,
        "default": 1729069081521,
        "comment": 1729069081521,
        "options(unique)": 1729070981699
      }
    ],
    "9EIIRioqLVmsyNVZaHFQI": [
      "tableEntities",
      1729069116000,
      -1,
      {
        "name": 1729069121494
      }
    ],
    "XywkfW-ViRB8S-9xYA8Bd": [
      "tableColumnEntities",
      1729069124014,
      -1,
      {
        "name": 1729069126174,
        "dataType": 1729069129295,
        "options(primaryKey)": 1729069132397,
        "options(unique)": 1729071226493
      }
    ],
    "StQKiEZBkZRLlaIjrWFLQ": [
      "tableEntities",
      1729069143233,
      -1,
      {
        "name": 1729069150016
      }
    ],
    "lhY4VliscR3Xiik24WDKv": [
      "tableColumnEntities",
      1729069152010,
      -1,
      {
        "name": 1729069154385,
        "options(primaryKey)": 1729069157139,
        "dataType": 1729069160601,
        "options(unique)": 1729071228693
      }
    ],
    "6xi3k2aDt5AI29v1e_zzd": [
      "tableColumnEntities",
      1729069176962,
      -1,
      {
        "options(notNull)": 1729069176962,
        "name": 1729069636678,
        "dataType": 1729069176962,
        "default": 1729069176962,
        "comment": 1729069176962
      }
    ],
    "mINtQzBW64gZDvX1Bfol6": [
      "relationshipEntities",
      1729069176962,
      -1,
      {}
    ],
    "zPBowJWOANQRa7xFX38ZU": [
      "tableEntities",
      1729069201802,
      -1,
      {
        "name": 1729069212075
      }
    ],
    "YDH7W7qveRqg_M633vayb": [
      "tableColumnEntities",
      1729069213571,
      -1,
      {
        "name": 1729069215394,
        "dataType": 1729069219634,
        "options(notNull)": 1729069222099,
        "options(primaryKey)": 1729070033588,
        "options(unique)": 1729071174722
      }
    ],
    "E9LlLu4OcmkiNA78HmBlo": [
      "tableColumnEntities",
      1729069242531,
      -1,
      {
        "name": 1729069249005,
        "dataType": 1729069258937,
        "options(notNull)": 1729069260050
      }
    ],
    "CCsI3I6cSDugPLmauHa4-": [
      "tableColumnEntities",
      1729069262036,
      -1,
      {
        "name": 1729069265225,
        "dataType": 1729069270401,
        "options(notNull)": 1729069271295
      }
    ],
    "LFSBADdPEZIfooY3hV4vf": [
      "tableColumnEntities",
      1729069297649,
      -1,
      {
        "options(notNull)": 1729069297649,
        "name": 1729069313950,
        "dataType": 1729069581409,
        "default": 1729069297649,
        "comment": 1729069297649
      }
    ],
    "dZqOPMfhjJbIuJXCYTi9D": [
      "relationshipEntities",
      1729069297649,
      -1,
      {}
    ],
    "iKZG1HLbYtyrocqZBTdvh": [
      "tableColumnEntities",
      1729069308989,
      -1,
      {
        "options(notNull)": 1729069308989,
        "name": 1729069317570,
        "dataType": 1729069308989,
        "default": 1729069308989,
        "comment": 1729069308989
      }
    ],
    "Db5E9LLGBXmVz08qzYl_p": [
      "relationshipEntities",
      1729069308989,
      -1,
      {}
    ],
    "TmbTb0V-J2lwPecZeoZAa": [
      "tableColumnEntities",
      1729069387017,
      -1,
      {
        "name": 1729069390000,
        "dataType": 1729069395695,
        "options(notNull)": 1729069399611,
        "options(unique)": 1729070950119
      }
    ],
    "UkSg3FFng-gn-PWRgdVFa": [
      "tableColumnEntities",
      1729069401107,
      -1,
      {
        "name": 1729069404247,
        "dataType": 1729069409438,
        "options(notNull)": 1729069418293
      }
    ],
    "Cd4pnUjKs0URf5M8888BR": [
      "tableColumnEntities",
      1729069419867,
      -1,
      {
        "name": 1729069491830,
        "dataType": 1729069434810,
        "options(notNull)": 1729069435774
      }
    ],
    "4y8d8QNMhurgsK-L9XzCw": [
      "tableColumnEntities",
      1729069437839,
      -1,
      {
        "name": 1729069488067,
        "options(notNull)": 1729069447886,
        "dataType": 1729069452825
      }
    ],
    "2H0f4q61bsTO9zj8LN1ig": [
      "tableColumnEntities",
      1729069454029,
      -1,
      {
        "name": 1729070825734,
        "dataType": 1729069476953,
        "options(notNull)": 1729070820781
      }
    ],
    "1WVw71KQIs24KGcXFmGty": [
      "tableColumnEntities",
      1729069530831,
      -1,
      {
        "name": 1729069540282,
        "dataType": 1729069548666,
        "options(notNull)": 1729069549482
      }
    ],
    "R0BXYDd5HAtN7tYjfzG7x": [
      "tableColumnEntities",
      1729069551731,
      -1,
      {
        "name": 1729069560440,
        "dataType": 1729069565581,
        "options(notNull)": 1729069566353
      }
    ],
    "ux7Na31aw3Cclhy8M1C4W": [
      "tableColumnEntities",
      1729069585289,
      -1,
      {
        "name": 1729069594839,
        "dataType": 1729069601412,
        "options(notNull)": 1729069602398
      }
    ],
    "153Aoz7QhDmooXUn8DoIc": [
      "tableColumnEntities",
      1729069647291,
      -1,
      {
        "name": 1729069650971,
        "dataType": 1729069654003,
        "options(notNull)": 1729069655038
      }
    ],
    "ExQYJKhX-bD9VXip2Jtez": [
      "tableColumnEntities",
      1729069656053,
      -1,
      {
        "name": 1729069657445,
        "dataType": 1729072784541,
        "options(notNull)": 1729069697178,
        "options(unique)": 1729071232660
      }
    ],
    "2DaAlYuox0rmsm1aeM8ok": [
      "tableColumnEntities",
      1729069706039,
      -1,
      {
        "name": 1729069707365,
        "dataType": 1729069711510,
        "options(notNull)": 1729069712864
      }
    ],
    "SHlkZEKHHRZ5tkmQx2dP8": [
      "tableColumnEntities",
      1729069714801,
      1729072773517,
      {
        "name": 1729069727073,
        "dataType": 1729069733224,
        "options(notNull)": 1729069734316
      }
    ],
    "C2tZt1tYJB4pe58oPd6go": [
      "tableColumnEntities",
      1729069838356,
      -1,
      {
        "name": 1729069849164,
        "dataType": 1729069853469,
        "options(notNull)": 1729069854418,
        "options(unique)": 1729071261153
      }
    ],
    "fpxKtx6R-yKBlg80vN80g": [
      "tableColumnEntities",
      1729071405357,
      -1,
      {
        "options(notNull)": 1729071405357,
        "name": 1729071412643,
        "dataType": 1729071405357,
        "default": 1729071405357,
        "comment": 1729071405357
      }
    ],
    "J0TO0MKMSZdfpWAtJniBX": [
      "relationshipEntities",
      1729071405357,
      -1,
      {}
    ],
    "ip7wYpyCFepNBqhVtts3r": [
      "tableColumnEntities",
      1729074218808,
      -1,
      {
        "name": 1729074280085,
        "dataType": 1729074283334,
        "options(notNull)": 1729074285817
      }
    ],
    "bcpL22pskz-KZVpPJ9Kc-": [
      "tableColumnEntities",
      1729074288438,
      -1,
      {
        "name": 1729074304415,
        "dataType": 1729074299445,
        "options(notNull)": 1729074306139
      }
    ],
    "QO9O2Ieye8oYs6N_7bVAd": [
      "tableColumnEntities",
      1729074309870,
      -1,
      {
        "name": 1729074313705,
        "dataType": 1729074317352,
        "options(notNull)": 1729074318255
      }
    ],
    "RmVYkOL55c7BL1_bbJLV8": [
      "tableColumnEntities",
      1730886730618,
      -1,
      {
        "name": 1730886740386,
        "dataType": 1730886746568,
        "options(notNull)": 1730886748627
      }
    ]
  }
}